{
  "project_info": {
    "project_number": "389618468158",
    "firebase_url": "https://alfie-s-app.firebaseio.com",
    "project_id": "alfie-s-app",
    "storage_bucket": "alfie-s-app.appspot.com"
  },
  "client": [
    {
      "client_info": {
        "mobilesdk_app_id": "1:389618468158:android:1f7011f8e86d3ca73d586f",
        "android_client_info": {
          "package_name": "com.example.alfie_s_app"
        }
      },
      "oauth_client": [
        {
          "client_id": "389618468158-3gtfn7rc0qkh4h15t4344tmqprmihbev.apps.googleusercontent.com",
          "client_type": 1,
          "android_info": {
            "package_name": "com.example.alfie_s_app",
            "certificate_hash": "12827575935d319db8166feb5c0945ade4bca4a2"
          }
        },
        {
          "client_id": "389618468158-kvsj9p9n0u5bs0j5d835p1ev7sv1d40b.apps.googleusercontent.com",
          "client_type": 3
        }
      ],
      "api_key": [
        {
          "current_key": "AIzaSyD53g3iy5WWiY85p4dWV5TjoxcZikvehpE"
        }
      ],
      "services": {
        "appinvite_service": {
          "other_platform_oauth_client": [
            {
              "client_id": "389618468158-kvsj9p9n0u5bs0j5d835p1ev7sv1d40b.apps.googleusercontent.com",
              "client_type": 3
            }
          ]
        }
      }
    }
  ],
  "configuration_version": "1"
}